Create GPU,Chunk Size,Data Size,Number of Leaves,Number of Nodes,Setup time,Leaves time,Rest time,Load time,Hashing time
1,4096,1073741824,262144,524289,0.001653,1753.49,0.089238,1753.36,0.126558
1,8192,1073741824,131072,262145,0.001443,1231.15,0.088616,1231.02,0.12779
1,16384,1073741824,65536,131073,0.001403,996.485,0.075261,996.371,0.114175
1,32768,1073741824,32768,65537,0.001382,869.329,0.080952,869.208,0.121238
1,65536,1073741824,16384,32769,0.001383,726.771,0.066455,726.653,0.117701
1,131072,1073741824,8192,16385,0.001382,510.466,0.067217,510.344,0.122149
1,262144,1073741824,4096,8193,0.001603,423.37,0.074119,423.246,0.12278
1,524288,1073741824,2048,4097,0.001363,368.516,0.062648,368.395,0.120577
1,1048576,1073741824,1024,2049,0.001673,351.505,0.066565,351.375,0.129353
1,2097152,1073741824,512,1025,0.001162,349.046,0.055294,348.926,0.120005
1,4194304,1073741824,256,513,0.001262,342.074,0.06418,341.946,0.12788
1,8388608,1073741824,128,257,0.001663,365.355,0.052007,365.237,0.117811
1,16777216,1073741824,64,129,0.001212,409.771,0.047369,409.651,0.119755
1,33554432,1073741824,32,65,0.001503,397.03,0.073137,396.857,0.171762
1,671089664,1073741824,2,5,0.001362,796.589,0.032791,796.455,0.13303
1,134217728,1073741824,8,17,0.001272,455.72,0.045546,455.584,0.134974
1,4096,1073741824,262144,524289,0.001382,1664.55,0.09038,1664.42,0.131317
1,8192,1073741824,131072,262145,0.001352,1033.2,0.087214,1033.07,0.12796
1,16384,1073741824,65536,131073,0.001293,805.383,0.128422,805.187,0.196078
1,32768,1073741824,32768,65537,0.001673,834.903,0.100959,834.736,0.166192
1,65536,1073741824,16384,32769,0.001473,672.051,0.075432,671.92,0.130826
1,131072,1073741824,8192,16385,0.001312,524.935,0.066084,524.815,0.119174
1,262144,1073741824,4096,8193,0.001202,445.645,0.064231,445.53,0.115307
1,524288,1073741824,2048,4097,0.001263,352.475,0.072726,352.348,0.126177
1,1048576,1073741824,1024,2049,0.001493,339.813,0.059021,339.69,0.123222
1,2097152,1073741824,512,1025,0.001302,347.721,0.054964,347.601,0.119304
1,4194304,1073741824,256,513,0.001443,339.736,0.055304,339.618,0.118323
1,8388608,1073741824,128,257,0.001283,362.758,0.058069,362.628,0.130205
1,16777216,1073741824,64,129,0.001312,446.07,0.047559,445.949,0.119966
1,33554432,1073741824,32,65,0.001272,514.391,0.059492,514.228,0.162435
1,671089664,1073741824,2,5,0.001603,765.759,0.038603,765.611,0.147397
1,134217728,1073741824,8,17,0.001223,480.015,0.044143,479.888,0.125817
1,4096,1073741824,262144,524289,0.001442,1541.28,0.097673,1541.15,0.129733
1,8192,1073741824,131072,262145,0.001262,1048.54,0.084449,1048.4,0.13841
1,16384,1073741824,65536,131073,0.001463,915.037,0.095118,914.903,0.133931
1,32768,1073741824,32768,65537,0.001512,740.729,0.067557,740.612,0.116108
1,65536,1073741824,16384,32769,0.001393,601.484,0.064862,601.362,0.121929
1,131072,1073741824,8192,16385,0.001533,486.084,0.066645,485.969,0.115336
1,262144,1073741824,4096,8193,0.001313,424.843,0.104446,424.66,0.182332
1,524288,1073741824,2048,4097,0.001212,383.635,0.071715,383.502,0.13308
1,1048576,1073741824,1024,2049,0.001262,351.409,0.0585,351.292,0.11728
1,2097152,1073741824,512,1025,0.001293,359.865,0.05858,359.738,0.126879
1,4194304,1073741824,256,513,0.001252,334.951,0.061746,334.813,0.137989
1,8388608,1073741824,128,257,0.001282,365.555,0.050735,365.432,0.12243
1,16777216,1073741824,64,129,0.001352,397.047,0.048121,396.926,0.120686
1,33554432,1073741824,32,65,0.001252,422.76,0.050104,422.629,0.130234
1,671089664,1073741824,2,5,0.001293,794.338,0.03717,794.22,0.118493
1,134217728,1073741824,8,17,0.001283,472.168,0.044744,472.043,0.125406
0,4096,1073741824,262144,524289,0.001703,1296.3,0.429046,1223.32,72.9791
0,8192,1073741824,131072,262145,0.001673,679.244,0.319791,606.522,72.7215
0,16384,1073741824,65536,131073,0.001873,789.966,0.248967,717.377,72.5885
0,32768,1073741824,32768,65537,0.001593,792.827,0.224822,720.32,72.5064
0,65536,1073741824,16384,32769,0.001633,601.933,0.212418,528.972,72.9608
0,131072,1073741824,8192,16385,0.001573,475.383,0.183214,402.461,72.9212
0,262144,1073741824,4096,8193,0.001613,417.779,0.16537,345.118,72.6609
0,524288,1073741824,2048,4097,0.001733,413.41,0.155322,340.615,72.795
0,1048576,1073741824,1024,2049,0.001503,408.563,0.140023,335.826,72.736
0,2097152,1073741824,512,1025,0.001513,412.187,0.123181,339.441,72.7456
0,4096,1073741824,262144,524289,0.001774,898.404,0.370696,822.965,75.4388
0,8192,1073741824,131072,262145,0.001603,775.233,0.315823,702.299,72.9332
0,16384,1073741824,65536,131073,0.001623,698.795,0.246262,625.967,72.8269
0,32768,1073741824,32768,65537,0.001643,689.658,0.227968,616.768,72.8894
0,65536,1073741824,16384,32769,0.001513,642.054,0.200416,568.908,73.1456
0,131072,1073741824,8192,16385,0.001773,487.594,0.255129,414.751,72.8431
0,262144,1073741824,4096,8193,0.001633,448.103,0.167505,375.407,72.6961
0,524288,1073741824,2048,4097,0.001794,426.072,0.152917,353.388,72.6831
0,1048576,1073741824,1024,2049,0.001552,417.357,0.139943,344.465,72.891
0,2097152,1073741824,512,1025,0.001613,435.091,0.126858,362.317,72.7731
0,4096,1073741824,262144,524289,0.001693,920.409,0.400462,843.851,76.5575
0,8192,1073741824,131072,262145,0.002124,719.912,0.343805,647.141,72.7706
0,16384,1073741824,65536,131073,0.001843,673.948,0.234921,601.316,72.632
0,32768,1073741824,32768,65537,0.001623,702.029,0.272772,628.437,73.5911
0,65536,1073741824,16384,32769,0.001643,718.544,0.243438,636.26,82.284
0,131072,1073741824,8192,16385,0.001393,477.807,0.18088,403.957,73.8492
0,262144,1073741824,4096,8193,0.001593,455.627,0.167976,382.993,72.6333
0,524288,1073741824,2048,4097,0.001553,401.416,0.153779,328.649,72.7668
0,1048576,1073741824,1024,2049,0.001593,392.678,0.137879,319.897,72.7805
0,2097152,1073741824,512,1025,0.001543,403.433,0.125415,330.596,72.8364
0,4096,1073741824,262144,524289,0.001403,964.546,0.391215,891.91,72.6356
0,8192,1073741824,131072,262145,0.001643,712.636,0.342363,628.814,83.8211
0,16384,1073741824,65536,131073,0.001934,715.782,0.250691,643.168,72.6131
0,32768,1073741824,32768,65537,0.001633,766.52,0.275156,683.451,83.0685
0,65536,1073741824,16384,32769,0.001944,651.912,0.199184,579.125,72.7864
0,131072,1073741824,8192,16385,0.001844,528.911,155.391,428.63,100.281
0,262144,1073741824,4096,8193,0.002345,488.28,0.69789,382.668,105.611
0,524288,1073741824,2048,4097,0.001693,397.932,0.163096,325.214,72.7176
0,1048576,1073741824,1024,2049,0.001452,424.164,0.136747,351.372,72.7915
0,2097152,1073741824,512,1025,0.001754,400.505,0.127048,327.53,72.9753
0,4194304,1073741824,256,513,0.001653,378.68,0.1117,305.89,72.7888
0,8388608,1073741824,128,257,0.001803,428.19,0.10146,355.282,72.9077
0,16777216,1073741824,64,129,0.001693,556.527,0.091041,484.153,72.3738
0,33554432,1073741824,32,65,0.001774,650.915,0.093736,548.707,102.207
0,671089664,1073741824,2,5,0.001873,2784.28,0.37821,911.391,1872.89
0,134217728,1073741824,8,17,0.001593,997.826,0.093926,611.183,386.643
0,4096,1073741824,262144,524289,0.001873,817.345,0.394351,738.019,79.3257
0,8192,1073741824,131072,262145,0.001543,731.168,0.313469,658.251,72.9164
0,16384,1073741824,65536,131073,0.001834,679.47,0.247805,606.56,72.9098
0,32768,1073741824,32768,65537,0.001723,727.721,0.224271,648.001,79.7194
0,65536,1073741824,16384,32769,0.001934,612.141,0.189045,536.121,76.0189
0,131072,1073741824,8192,16385,0.001724,492.415,33.2688,398.294,94.1197
0,262144,1073741824,4096,8193,0.001733,407.292,0.168917,334.292,72.9984
0,524288,1073741824,2048,4097,0.001884,394.294,0.153348,321.623,72.6706
0,1048576,1073741824,1024,2049,0.001583,422.261,0.162936,338.417,83.8437
0,2097152,1073741824,512,1025,0.001843,385.163,0.124203,312.481,72.6815
0,4194304,1073741824,256,513,0.001743,418.845,0.113503,346.165,72.6802
0,8388608,1073741824,128,257,0.001693,435.094,0.102563,362.537,72.5569
0,16777216,1073741824,64,129,0.001673,566.704,0.086722,494.096,72.6068
0,33554432,1073741824,32,65,0.001864,845.76,0.092694,742.728,103.032
0,671089664,1073741824,2,5,0.001783,2803.72,0.427793,931.97,1871.74
0,134217728,1073741824,8,17,0.001643,1010.98,0.458761,624.928,386.049
0,4096,1073741824,262144,524289,0.001854,1185.62,0.403828,1112.98,72.6361
0,8192,1073741824,131072,262145,0.001984,707.488,0.319009,634.599,72.8891
0,16384,1073741824,65536,131073,0.001984,651.169,0.243647,578.384,72.7845
0,32768,1073741824,32768,65537,0.001743,662.209,0.228319,589.476,72.7326
0,65536,1073741824,16384,32769,0.001854,531.786,0.198713,457.578,74.207
0,131072,1073741824,8192,16385,0.001803,509.976,0.219673,427.471,82.504
0,262144,1073741824,4096,8193,0.001453,454.299,0.205185,349.716,104.582
0,524288,1073741824,2048,4097,0.001623,397.947,0.14885,325.208,72.7386
0,1048576,1073741824,1024,2049,0.001593,380.479,0.137608,307.548,72.9306
0,2097152,1073741824,512,1025,0.001633,383.889,0.125595,310.978,72.9101
0,4194304,1073741824,256,513,0.001724,404.365,0.113183,331.784,72.5808
0,8388608,1073741824,128,257,0.001683,444.809,0.100359,372.388,72.4202
0,16777216,1073741824,64,129,0.001573,567.386,0.084639,494.658,72.7277
0,33554432,1073741824,32,65,0.001613,715.736,0.092714,605.526,110.209
0,671089664,1073741824,2,5,0.001804,2803.24,0.497705,932.874,1870.36
0,134217728,1073741824,8,17,0.001874,912.882,0.411403,525.267,387.614
